Rank (Borda),Model,Total Parameters (B),Embedding Dimensions,Max Tokens,Reranking,Retrieval
19,jina-embeddings-v5-text-nano,0.212,768.0,8192.0,64.63,63.26
83,granite-embedding-97m-multilingual-r2,0.097,384.0,8192.0,59.39,60.32
58,F2LLM-v2-160M,0.159,640.0,40960.0,60.34,54.08
66,multilingual-e5-small,0.118,384.0,512.0,60.43,50.91
69,F2LLM-v2-80M,0.08,320.0,40960.0,58.95,50.13
60,bilingual-embedding-small,0.118,384.0,512.0,59.31,49.55
84,granite-embedding-107m-multilingual,0.107,384.0,512.0,58.48,48.08
114,static-similarity-mrl-multilingual-v1,0.108,1024.0,0.0,49.45,41.21
88,nomic-embed-text-v1-ablated,0.137,768.0,8192.0,45.04,40.74
99,nomic-embed-text-v1-unsupervised,0.137,768.0,8192.0,48.18,40.66
92,e5-base-v2,0.109,768.0,512.0,47.5,40.49
136,snowflake-arctic-embed-s,0.033,384.0,512.0,40.03,39.84
113,e5-small-v2,0.033,384.0,512.0,44.44,39.38
134,snowflake-arctic-embed-m,0.109,768.0,512.0,42.76,39.33
130,snowflake-arctic-embed-m-long,0.137,768.0,2048.0,41.66,39.3
121,granite-embedding-125m-english,0.125,768.0,512.0,45.99,39.26
138,snowflake-arctic-embed-m-v1.5,0.109,768.0,512.0,42.37,38.69
104,bge-base-en-v1.5,0.109,768.0,512.0,47.57,38.61
97,GIST-Embedding-v0,0.109,768.0,512.0,45.64,38.45
151,jina-embedding-b-en-v1,0.11,768.0,512.0,41.65,37.96
111,potion-multilingual-128M,0.128,256.0,0.0,47.39,37.86
101,NoInstruct-small-Embedding-v0,0.033,384.0,512.0,43.59,37.81
112,e5-base,0.109,768.0,512.0,41.49,37.69
105,GIST-small-Embedding-v0,0.033,384.0,512.0,43.25,37.22
87,nomic-embed-text-v1,0.137,768.0,8192.0,46.01,37.05
102,e5-base-4k,0.112,0.0,4096.0,42.47,36.78
96,paraphrase-multilingual-MiniLM-L12-v2,0.118,384.0,512.0,50.97,36.61
141,granite-embedding-30m-english,0.03,384.0,512.0,42.53,36.43
115,bge-small-en-v1.5,0.033,512.0,512.0,45.89,36.26
124,e5-small,0.033,384.0,512.0,39.3,36.25
117,gte-small,0.033,384.0,512.0,45.77,35.99
110,gte-base,0.109,768.0,512.0,46.94,35.86
100,stella-base-en-v2,0.109,0.0,512.0,43.86,35.28
155,snowflake-arctic-embed-xs,0.023,384.0,512.0,39.69,35.23
118,MedEmbed-small-v0.1,0.033,384.0,512.0,45.01,35.16
94,Arabic-MiniLM-L12-v2-all-nli-triplet,0.118,384.0,512.0,51.13,35.06
162,jina-embedding-s-en-v1,0.035,512.0,512.0,39.16,34.7
128,Ivysaur,0.023,384.0,512.0,44.07,34.42
109,nomic-embed-text-v1.5,0.137,768.0,8192.0,44.84,34.09
132,all-mpnet-base-v2,0.109,768.0,384.0,43.76,33.8
135,all-MiniLM-L12-v2,0.033,384.0,256.0,45.33,33.37
131,GIST-all-MiniLM-L6-v2,0.023,384.0,512.0,41.45,33.3
145,all-MiniLM-L6-v2,0.023,384.0,256.0,40.28,32.51
144,slx-v0.1,0.023,384.0,512.0,40.28,32.51
119,mmlw-e5-small,0.118,384.0,512.0,34.88,31.05
137,gte-micro-v4,0.019,384.0,512.0,37.48,30.54
125,mmlw-roberta-base,0.124,768.0,514.0,34.44,30.39
139,Bulbasaur,0.017,384.0,512.0,39.06,29.88
159,potion-base-8M,0.008,256.0,0.0,39.08,28.63
133,LaBSE-ru-turbo,0.129,768.0,512.0,42.81,28.51
165,potion-base-4M,0.004,128.0,0.0,38.54,27.23
147,Wartortle,0.017,384.0,512.0,39.59,27.21
108,text2vec-base-multilingual,0.118,384.0,256.0,46.33,26.99
156,gte-micro,0.017,384.0,512.0,35.22,26.16
153,Venusaur,0.016,384.0,512.0,38.31,25.64
158,Squirtle,0.016,384.0,512.0,39.17,24.85
140,LaBSE-en-ru,0.129,768.0,512.0,40.87,24.79
164,M2V_base_output,0.008,256.0,0.0,38.11,24.74
169,M2V_base_glove,0.102,256.0,0.0,27.44,24.38
163,M2V_base_glove_subword,0.103,256.0,0.0,38.53,24.12
174,potion-base-2M,0.002,64.0,0.0,37.38,23.99
161,rubert-tiny-turbo,0.029,312.0,2048.0,38.92,21.26
172,silma-embeddding-matryoshka-v0.1,0.135,768.0,512.0,30.72,15.75
168,rubert-tiny2,0.029,312.0,2048.0,34.58,14.35
166,jina-embeddings-v2-small-en,0.033,512.0,8192.0,27.61,13.45
173,Arabic-mpnet-base-all-nli-triplet,0.109,768.0,514.0,35.84,13.12
177,Arabert-all-nli-triplet-Matryoshka,0.135,768.0,512.0,30.14,12.74
170,rubert-tiny,0.012,312.0,512.0,33.18,12.09
176,distilrubert-small-cased-conversational,0.107,768.0,512.0,33.51,11.29
184,jina-embeddings-v2-base-en,0.137,768.0,8192.0,31.6,10.7
183,ternary-weight-embedding,0.099,1024.0,512.0,32.09,10.63
179,Marbert-all-nli-triplet-Matryoshka,0.163,768.0,512.0,28.05,9.19
167,rubert-base-cased-sentence,0.107,768.0,512.0,35.13,9.16
178,deberta-v1-base,0.124,768.0,512.0,29.56,5.54
256,potion-retrieval-32M,0.032,512.0,0.0,0.0,0.0
311,bge-small-zh-v1.5,0.033,512.0,512.0,0.0,0.0
324,rubert-mini-frida,0.032,312.0,2048.0,0.0,0.0
398,m3e-small,0.024,512.0,512.0,0.0,0.0
389,mxbai-embed-xsmall-v1,0.024,384.0,512.0,0.0,0.0
294,m2v-dfm-large,0.023,256.0,0.0,0.0,0.0
395,opensearch-neural-sparse-encoding-doc-v2-mini,0.023,30522.0,512.0,0.0,0.0
234,multi-qa-MiniLM-L6-cos-v1,0.023,384.0,512.0,0.0,0.0
416,LateOn-Code-edge-pretrain,0.017,48.0,7999.0,0.0,0.0
414,LateOn-Code-edge,0.017,48.0,7999.0,0.0,0.0
219,mdbr-leaf-mt,0.023,1024.0,512.0,0.0,0.0
345,mdbr-leaf-ir,0.023,768.0,512.0,0.0,0.0
402,pubmedbert-base-embeddings-8M,0.008,256.0,0.0,0.0,0.0
403,pubmedbert-base-embeddings-500K,0.001,64.0,0.0,0.0,0.0
401,pubmedbert-base-embeddings-1M,0.001,64.0,0.0,0.0,0.0
400,pubmedbert-base-embeddings-2M,0.002,64.0,0.0,0.0,0.0
254,potion-base-32M,0.032,512.0,0.0,0.0,0.0
319,gte-small-zh,0.03,1024.0,512.0,0.0,0.0
246,static-retrieval-mrl-en-v1,0.031,1024.0,0.0,0.0,0.0
348,m3e-base,0.102,768.0,512.0,0.0,0.0
313,text2vec-base-chinese,0.102,768.0,512.0,0.0,0.0
295,model2vecdk-stem,0.049,256.0,0.0,0.0,0.0
228,granite-embedding-small-english-r2,0.048,384.0,8192.0,0.0,0.0
318,sbert-chinese-general-v1,0.102,128.0,512.0,0.0,0.0
332,ruri-v3-70m,0.07,256.0,8192.0,0.0,0.0
304,Dmeta-embedding-zh-small,0.074,768.0,1024.0,0.0,0.0
394,opensearch-neural-sparse-encoding-doc-v2-distill,0.066,30522.0,512.0,0.0,0.0
387,opensearch-neural-sparse-encoding-doc-v3-distill,0.066,30522.0,512.0,0.0,0.0
392,PawanEmbd-68M,0.068,768.0,512.0,0.0,0.0
333,ruri-base-v2,0.111,768.0,512.0,0.0,0.0
331,ruri-base,0.111,768.0,512.0,0.0,0.0
368,bge-base-zh,0.109,768.0,512.0,0.0,0.0
271,gtr-t5-base,0.11,768.0,512.0,0.0,0.0
316,atles-champion-embedding,0.109,768.0,512.0,0.0,0.0
237,bge-base-en,0.109,768.0,512.0,0.0,0.0
283,cadet-embed-base-v1,0.109,768.0,512.0,0.0,0.0
302,bge-base-zh-v1.5,0.109,768.0,512.0,0.0,0.0
300,stella-base-zh-v3-1792d,0.104,1792.0,512.0,0.0,0.0
307,piccolo-base-zh,0.102,768.0,512.0,0.0,0.0
307,gte-base-zh,0.102,1024.0,512.0,0.0,0.0
417,BiCA-base,0.109,768.0,512.0,0.0,0.0
419,colbertv2.0,0.109,0.0,180.0,0.0,0.0
373,bge-small-zh,0.033,512.0,512.0,0.0,0.0
232,miniac-embed,0.033,1024.0,512.0,0.0,0.0
261,bge-small-en,0.033,512.0,512.0,0.0,0.0
341,Hakim-small,0.039,512.0,512.0,0.0,0.0
337,ruri-v3-30m,0.037,256.0,8192.0,0.0,0.0
340,USER2-small,0.034,384.0,8192.0,0.0,0.0
288,e5-small-trm-nl,0.041,384.0,512.0,0.0,0.0
231,mini-gte,0.066,768.0,512.0,0.0,0.0
296,model2vecdk,0.048,256.0,0.0,0.0,0.0
336,Hakim,0.124,768.0,512.0,0.0,0.0
342,Hakim-unsup,0.124,768.0,512.0,0.0,0.0
397,text2vec-base-chinese-paraphrase,0.118,768.0,512.0,0.0,0.0
367,roberta-zwnj-wnli-mean-tokens,0.118,768.0,514.0,0.0,0.0
285,e5-base-trm-nl,0.124,768.0,514.0,0.0,0.0
357,fabert,0.124,768.0,512.0,0.0,0.0
293,dfm-sentence-encoder-medium,0.124,768.0,512.0,0.0,0.0
339,Tooka-SBERT-V2-Small,0.123,768.0,512.0,0.0,0.0
361,TookaBERT-Base,0.123,768.0,512.0,0.0,0.0
363,bert-zwnj-wnli-mean-tokens,0.118,768.0,512.0,0.0,0.0
330,ruri-v3-130m,0.132,512.0,8192.0,0.0,0.0
359,Arabic-Triplet-Matryoshka-V2,0.135,768.0,768.0,0.0,0.0
312,BERTA,0.128,768.0,512.0,0.0,0.0
399,M2V_multilingual_output,0.128,256.0,0.0,0.0,0.0
362,sentence-bert-swedish-cased,0.125,768.0,384.0,0.0,0.0
247,gte-base-en-v1.5,0.137,768.0,8192.0,0.0,0.0
384,opensearch-neural-sparse-encoding-doc-v3-gte,0.137,30522.0,8192.0,0.0,0.0
187,lodestone-base-4096-v1,0.137,768.0,0.0,0.0,0.0
343,GTE-ModernColBERT-v1,0.149,128.0,8192.0,0.0,0.0
415,LateOn-Code-pretrain,0.149,128.0,8192.0,0.0,0.0
410,LateOn-Code,0.149,128.0,8192.0,0.0,0.0
418,english_code_retriever,0.149,768.0,8192.0,0.0,0.0
376,ColBERT-Zero-unsupervised,0.149,128.0,8192.0,0.0,0.0
334,USER2-base,0.149,768.0,8192.0,0.0,0.0
252,gte-modernbert-base,0.149,768.0,8192.0,0.0,0.0
218,granite-embedding-english-r2,0.149,768.0,8192.0,0.0,0.0
372,DenseOn-unsupervised,0.149,768.0,8192.0,0.0,0.0
364,DenseOn,0.149,768.0,8192.0,0.0,0.0
369,LateOn,0.149,128.0,8192.0,0.0,0.0
375,ColBERT-Zero,0.149,128.0,8192.0,0.0,0.0
385,ColBERT-Zero-supervised,0.149,128.0,8192.0,0.0,0.0
383,LateOn-unsupervised,0.149,128.0,8192.0,0.0,0.0
227,Tarka-Embedding-150M-V1,0.156,768.0,2048.0,0.0,0.0
260,modernbert-embed-base,0.149,768.0,8192.0,0.0,0.0
374,sentence-transformer-parsbert-fa,0.163,768.0,512.0,0.0,0.0
360,bert-base-parsbert-uncased,0.163,768.0,512.0,0.0,0.0
346,nb-bert-base,0.178,768.0,512.0,0.0,0.0
279,nb-sbert-base,0.178,4096.0,75.0,0.0,0.0
299,Solon-embeddings-mini-beta-1.1,0.212,768.0,8192.0,0.0,0.0
224,sentence-t5-base,0.223,768.0,512.0,0.0,0.0
358,Zhinao-ChineseModernBert-Embedding,0.227,768.0,512.0,0.0,0.0
370,flan-t5-base,0.248,0.0,0.0,0.0,0.0
